lease_kid,well,month,gas_mcf
1028540731,KUTTLER 'H' 1,2002-08,1975
1028540731,KUTTLER 'H' 1,2002-09,2988
1028540731,KUTTLER 'H' 1,2002-10,3329
1028540731,KUTTLER 'H' 1,2002-11,3547
1028540731,KUTTLER 'H' 1,2002-12,3764
1028540731,KUTTLER 'H' 1,2003-01,3837
1028540731,KUTTLER 'H' 1,2003-02,2999
1028540731,KUTTLER 'H' 1,2003-03,2881
1028540731,KUTTLER 'H' 1,2003-04,2232
1028540731,KUTTLER 'H' 1,2003-05,2053
1028540731,KUTTLER 'H' 1,2003-06,2152
1028540731,KUTTLER 'H' 1,2003-07,2023
1028540731,KUTTLER 'H' 1,2003-08,3657
1028540731,KUTTLER 'H' 1,2003-09,3511
1028540731,KUTTLER 'H' 1,2003-10,3172
1028540731,KUTTLER 'H' 1,2003-11,2597
1028540731,KUTTLER 'H' 1,2003-12,3230
1028540731,KUTTLER 'H' 1,2004-01,3061
1028540731,KUTTLER 'H' 1,2004-02,2756
1028540731,KUTTLER 'H' 1,2004-03,2697
1028540731,KUTTLER 'H' 1,2004-04,2651
1028540731,KUTTLER 'H' 1,2004-05,2619
1028540731,KUTTLER 'H' 1,2004-06,2130
1028540731,KUTTLER 'H' 1,2004-07,2609
1028540731,KUTTLER 'H' 1,2004-08,2509
1028540731,KUTTLER 'H' 1,2004-09,2386
1028540731,KUTTLER 'H' 1,2004-10,2393
1028540731,KUTTLER 'H' 1,2004-11,2305
1028540731,KUTTLER 'H' 1,2004-12,1387
1028540731,KUTTLER 'H' 1,2005-01,2721
1028540731,KUTTLER 'H' 1,2005-02,2235
1028540731,KUTTLER 'H' 1,2005-03,2216
1028540731,KUTTLER 'H' 1,2005-04,2184
1028540731,KUTTLER 'H' 1,2005-05,1443
1028540731,KUTTLER 'H' 1,2005-06,1836
1028540731,KUTTLER 'H' 1,2005-07,2118
1028540731,KUTTLER 'H' 1,2005-08,1832
1028540731,KUTTLER 'H' 1,2005-09,1868
1028540731,KUTTLER 'H' 1,2005-10,1922
1028540731,KUTTLER 'H' 1,2005-11,1782
1028540731,KUTTLER 'H' 1,2005-12,1271
1028540731,KUTTLER 'H' 1,2006-01,1839
1028540731,KUTTLER 'H' 1,2006-02,1614
1028540731,KUTTLER 'H' 1,2006-03,1843
1028540731,KUTTLER 'H' 1,2006-04,1705
1028540731,KUTTLER 'H' 1,2006-05,1703
1028540731,KUTTLER 'H' 1,2006-06,1567
1028540731,KUTTLER 'H' 1,2006-07,1653
1028540731,KUTTLER 'H' 1,2006-08,1613
1028540731,KUTTLER 'H' 1,2006-09,1566
1028540731,KUTTLER 'H' 1,2006-10,1488
1028540731,KUTTLER 'H' 1,2006-11,1422
1028540731,KUTTLER 'H' 1,2006-12,1563
1028540731,KUTTLER 'H' 1,2007-01,1452
1028540731,KUTTLER 'H' 1,2007-02,1563
1028540731,KUTTLER 'H' 1,2007-03,1534
1028540731,KUTTLER 'H' 1,2007-04,1430
1028540731,KUTTLER 'H' 1,2007-05,1490
1028540731,KUTTLER 'H' 1,2007-06,1390
1028540731,KUTTLER 'H' 1,2007-07,1401
1028540731,KUTTLER 'H' 1,2007-08,1315
1028540731,KUTTLER 'H' 1,2007-09,1296
1028540731,KUTTLER 'H' 1,2007-10,1312
1028540731,KUTTLER 'H' 1,2007-11,1263
1028540731,KUTTLER 'H' 1,2007-12,1377
1028540731,KUTTLER 'H' 1,2008-01,1119
1028540731,KUTTLER 'H' 1,2008-02,1238
1028540731,KUTTLER 'H' 1,2008-03,1291
1028540731,KUTTLER 'H' 1,2008-04,1192
1028540731,KUTTLER 'H' 1,2008-05,1207
1028540731,KUTTLER 'H' 1,2008-06,1020
1028540731,KUTTLER 'H' 1,2008-07,1244
1028540731,KUTTLER 'H' 1,2008-08,1210
1028540731,KUTTLER 'H' 1,2008-09,1108
1028540731,KUTTLER 'H' 1,2008-10,1183
1028540731,KUTTLER 'H' 1,2008-11,1086
1028540731,KUTTLER 'H' 1,2008-12,1209
1028540731,KUTTLER 'H' 1,2009-01,1154
1028540731,KUTTLER 'H' 1,2009-02,815
1028540731,KUTTLER 'H' 1,2009-03,956
1028540731,KUTTLER 'H' 1,2009-04,849
1028540731,KUTTLER 'H' 1,2009-05,868
1028540731,KUTTLER 'H' 1,2009-06,956
1028540731,KUTTLER 'H' 1,2009-07,948
1028540731,KUTTLER 'H' 1,2009-08,786
1028540731,KUTTLER 'H' 1,2009-09,761
1028540731,KUTTLER 'H' 1,2009-10,846
1028540731,KUTTLER 'H' 1,2009-11,942
1028540731,KUTTLER 'H' 1,2009-12,695
1028540731,KUTTLER 'H' 1,2010-01,916
1028540731,KUTTLER 'H' 1,2010-02,753
1028540731,KUTTLER 'H' 1,2010-03,809
1028540731,KUTTLER 'H' 1,2010-04,870
1028540731,KUTTLER 'H' 1,2010-05,855
1028540731,KUTTLER 'H' 1,2010-06,728
1028540731,KUTTLER 'H' 1,2010-07,783
1028540731,KUTTLER 'H' 1,2010-08,637
1028540731,KUTTLER 'H' 1,2010-09,698
1028540731,KUTTLER 'H' 1,2010-10,984
1028540731,KUTTLER 'H' 1,2010-11,943
1028540731,KUTTLER 'H' 1,2010-12,890
1028540731,KUTTLER 'H' 1,2011-01,867
1028540731,KUTTLER 'H' 1,2011-02,731
1028540731,KUTTLER 'H' 1,2011-03,346
1028540731,KUTTLER 'H' 1,2011-04,20
1028540731,KUTTLER 'H' 1,2011-05,734
1028540731,KUTTLER 'H' 1,2011-06,839
1028540731,KUTTLER 'H' 1,2011-07,844
1028540731,KUTTLER 'H' 1,2011-08,900
1028540731,KUTTLER 'H' 1,2011-09,861
1028540731,KUTTLER 'H' 1,2011-10,896
1028540731,KUTTLER 'H' 1,2011-11,890
1028540731,KUTTLER 'H' 1,2011-12,937
1028540731,KUTTLER 'H' 1,2012-01,899
1028540731,KUTTLER 'H' 1,2012-02,785
1028540731,KUTTLER 'H' 1,2012-03,875
1028540731,KUTTLER 'H' 1,2012-04,841
1028540731,KUTTLER 'H' 1,2012-05,772
1028540731,KUTTLER 'H' 1,2012-06,774
1028540731,KUTTLER 'H' 1,2012-07,765
1028540731,KUTTLER 'H' 1,2012-08,746
1028540731,KUTTLER 'H' 1,2012-09,760
1028540731,KUTTLER 'H' 1,2012-10,788
1028540731,KUTTLER 'H' 1,2012-11,782
1028540731,KUTTLER 'H' 1,2012-12,824
1028540731,KUTTLER 'H' 1,2013-01,787
1028540731,KUTTLER 'H' 1,2013-02,702
1028540731,KUTTLER 'H' 1,2013-03,756
1028540731,KUTTLER 'H' 1,2013-04,715
1028540731,KUTTLER 'H' 1,2013-05,599
1028540731,KUTTLER 'H' 1,2013-06,665
1028540731,KUTTLER 'H' 1,2013-07,680
1028540731,KUTTLER 'H' 1,2013-08,705
1028540731,KUTTLER 'H' 1,2013-09,521
1028540731,KUTTLER 'H' 1,2013-10,741
1028540731,KUTTLER 'H' 1,2013-11,684
1028540731,KUTTLER 'H' 1,2013-12,680
1028540731,KUTTLER 'H' 1,2014-01,692
1028540731,KUTTLER 'H' 1,2014-02,584
1028540731,KUTTLER 'H' 1,2014-03,543
1028540731,KUTTLER 'H' 1,2014-04,560
1028540731,KUTTLER 'H' 1,2014-05,626
1028540731,KUTTLER 'H' 1,2014-06,550
1028540731,KUTTLER 'H' 1,2014-07,607
1028540731,KUTTLER 'H' 1,2014-08,620
1028540731,KUTTLER 'H' 1,2014-09,646
1028540731,KUTTLER 'H' 1,2014-10,763
1028540731,KUTTLER 'H' 1,2014-11,697
1028540731,KUTTLER 'H' 1,2014-12,664
1028540731,KUTTLER 'H' 1,2015-01,833
1028540731,KUTTLER 'H' 1,2015-02,704
1028540731,KUTTLER 'H' 1,2015-03,797
1028540731,KUTTLER 'H' 1,2015-04,755
1028540731,KUTTLER 'H' 1,2015-05,753
1028540731,KUTTLER 'H' 1,2015-06,716
1028540731,KUTTLER 'H' 1,2015-07,488
1028540731,KUTTLER 'H' 1,2015-08,577
1028540731,KUTTLER 'H' 1,2015-09,527
1028540731,KUTTLER 'H' 1,2015-10,426
1028540731,KUTTLER 'H' 1,2015-11,294
1028540731,KUTTLER 'H' 1,2015-12,547
1028540731,KUTTLER 'H' 1,2016-01,526
1028540731,KUTTLER 'H' 1,2016-02,508
1028540731,KUTTLER 'H' 1,2016-03,559
1028540731,KUTTLER 'H' 1,2016-04,93
1028540731,KUTTLER 'H' 1,2016-08,353
1028540731,KUTTLER 'H' 1,2016-09,315
1028540731,KUTTLER 'H' 1,2016-10,393
1028540731,KUTTLER 'H' 1,2016-11,283
1028540731,KUTTLER 'H' 1,2016-12,554
1028540731,KUTTLER 'H' 1,2017-01,523
1028540731,KUTTLER 'H' 1,2017-02,459
1028540731,KUTTLER 'H' 1,2017-03,261
1030420805,ROBBINS 2-27,2003-07,2023
1030420805,ROBBINS 2-27,2003-09,3103
1030420805,ROBBINS 2-27,2003-10,6061
1030420805,ROBBINS 2-27,2003-11,5548
1030420805,ROBBINS 2-27,2003-12,5451
1030420805,ROBBINS 2-27,2004-01,5377
1030420805,ROBBINS 2-27,2004-02,4875
1030420805,ROBBINS 2-27,2004-03,5014
1030420805,ROBBINS 2-27,2004-04,4892
1030420805,ROBBINS 2-27,2004-05,4731
1030420805,ROBBINS 2-27,2004-06,4146
1030420805,ROBBINS 2-27,2004-07,5083
1030420805,ROBBINS 2-27,2004-08,5286
1030420805,ROBBINS 2-27,2004-09,4799
1030420805,ROBBINS 2-27,2004-10,4731
1030420805,ROBBINS 2-27,2004-11,4554
1030420805,ROBBINS 2-27,2004-12,4974
1030420805,ROBBINS 2-27,2005-01,4432
1030420805,ROBBINS 2-27,2005-02,3885
1030420805,ROBBINS 2-27,2005-03,4376
1030420805,ROBBINS 2-27,2005-04,4027
1030420805,ROBBINS 2-27,2005-05,4754
1030420805,ROBBINS 2-27,2005-06,4416
1030420805,ROBBINS 2-27,2005-07,4308
1030420805,ROBBINS 2-27,2005-08,3558
1030420805,ROBBINS 2-27,2005-09,2886
1030420805,ROBBINS 2-27,2005-10,4023
1030420805,ROBBINS 2-27,2005-11,4068
1030420805,ROBBINS 2-27,2005-12,4099
1030420805,ROBBINS 2-27,2006-01,3770
1030420805,ROBBINS 2-27,2006-02,3211
1030420805,ROBBINS 2-27,2006-03,3251
1030420805,ROBBINS 2-27,2006-04,3710
1030420805,ROBBINS 2-27,2006-05,3252
1030420805,ROBBINS 2-27,2006-06,3182
1030420805,ROBBINS 2-27,2006-07,3205
1030420805,ROBBINS 2-27,2006-08,3129
1030420805,ROBBINS 2-27,2006-09,3187
1030420805,ROBBINS 2-27,2006-10,2979
1030420805,ROBBINS 2-27,2006-11,2763
1030420805,ROBBINS 2-27,2006-12,3131
1030420805,ROBBINS 2-27,2007-01,2926
1030420805,ROBBINS 2-27,2007-02,2553
1030420805,ROBBINS 2-27,2007-03,2860
1030420805,ROBBINS 2-27,2007-04,2763
1030420805,ROBBINS 2-27,2007-05,2715
1030420805,ROBBINS 2-27,2007-06,2703
1030420805,ROBBINS 2-27,2007-07,2799
1030420805,ROBBINS 2-27,2007-08,2745
1030420805,ROBBINS 2-27,2007-09,2631
1030420805,ROBBINS 2-27,2007-10,2688
1030420805,ROBBINS 2-27,2007-11,2600
1030420805,ROBBINS 2-27,2007-12,2781
1030420805,ROBBINS 2-27,2008-01,2672
1030420805,ROBBINS 2-27,2008-02,2341
1030420805,ROBBINS 2-27,2008-03,2459
1030420805,ROBBINS 2-27,2008-04,2361
1030420805,ROBBINS 2-27,2008-05,2603
1030420805,ROBBINS 2-27,2008-06,2536
1030420805,ROBBINS 2-27,2008-07,2220
1030420805,ROBBINS 2-27,2008-08,2270
1030420805,ROBBINS 2-27,2008-09,2461
1030420805,ROBBINS 2-27,2008-10,2290
1030420805,ROBBINS 2-27,2008-11,2323
1030420805,ROBBINS 2-27,2008-12,2154
1030420805,ROBBINS 2-27,2009-01,2265
1030420805,ROBBINS 2-27,2009-02,2134
1030420805,ROBBINS 2-27,2009-03,2038
1030420805,ROBBINS 2-27,2009-04,2248
1030420805,ROBBINS 2-27,2009-05,1914
1030420805,ROBBINS 2-27,2009-06,1814
1030420805,ROBBINS 2-27,2009-07,1755
1030420805,ROBBINS 2-27,2009-08,1870
1030420805,ROBBINS 2-27,2009-09,1353
1030420805,ROBBINS 2-27,2009-10,2104
1030420805,ROBBINS 2-27,2009-11,1984
1030420805,ROBBINS 2-27,2009-12,1514
1030420805,ROBBINS 2-27,2010-01,1868
1030420805,ROBBINS 2-27,2010-02,1235
1030420805,ROBBINS 2-27,2010-03,1865
1030420805,ROBBINS 2-27,2010-04,2315
1030420805,ROBBINS 2-27,2010-05,1932
1030420805,ROBBINS 2-27,2010-06,1710
1030420805,ROBBINS 2-27,2010-07,2778
1030420805,ROBBINS 2-27,2010-08,2620
1030420805,ROBBINS 2-27,2010-09,2623
1030420805,ROBBINS 2-27,2010-10,2758
1030420805,ROBBINS 2-27,2010-11,2327
1030420805,ROBBINS 2-27,2010-12,2504
1030420805,ROBBINS 2-27,2011-01,2078
1030420805,ROBBINS 2-27,2011-02,1247
1030420805,ROBBINS 2-27,2011-03,1172
1030420805,ROBBINS 2-27,2011-04,2054
1030420805,ROBBINS 2-27,2011-05,2104
1030420805,ROBBINS 2-27,2011-06,1823
1030420805,ROBBINS 2-27,2011-07,2333
1030420805,ROBBINS 2-27,2011-08,2336
1030420805,ROBBINS 2-27,2011-09,2165
1030420805,ROBBINS 2-27,2011-10,2244
1030420805,ROBBINS 2-27,2011-11,2134
1030420805,ROBBINS 2-27,2011-12,2115
1030420805,ROBBINS 2-27,2012-01,2007
1030420805,ROBBINS 2-27,2012-02,1312
1030420805,ROBBINS 2-27,2012-03,1308
1030420805,ROBBINS 2-27,2012-04,1520
1030420805,ROBBINS 2-27,2012-05,1558
1030420805,ROBBINS 2-27,2012-06,1256
1030420805,ROBBINS 2-27,2012-07,1187
1030420805,ROBBINS 2-27,2012-08,945
1030420805,ROBBINS 2-27,2012-09,844
1030420805,ROBBINS 2-27,2012-10,917
1030420805,ROBBINS 2-27,2012-11,848
1030420805,ROBBINS 2-27,2012-12,1902
1030420805,ROBBINS 2-27,2013-01,1746
1030420805,ROBBINS 2-27,2013-02,1424
1030420805,ROBBINS 2-27,2013-03,1356
1030420805,ROBBINS 2-27,2013-04,1218
1030420805,ROBBINS 2-27,2013-05,910
1030420805,ROBBINS 2-27,2013-06,1126
1030420805,ROBBINS 2-27,2013-07,879
1030420805,ROBBINS 2-27,2013-08,1202
1030420805,ROBBINS 2-27,2013-09,1116
1030420805,ROBBINS 2-27,2013-10,958
1030420805,ROBBINS 2-27,2013-11,867
1030420805,ROBBINS 2-27,2013-12,874
1030420805,ROBBINS 2-27,2014-01,857
1030420805,ROBBINS 2-27,2014-02,270
1030420805,ROBBINS 2-27,2014-03,848
1030420805,ROBBINS 2-27,2014-04,1100
1030420805,ROBBINS 2-27,2014-05,820
1030420805,ROBBINS 2-27,2014-06,735
1030420805,ROBBINS 2-27,2014-07,759
1030420805,ROBBINS 2-27,2014-08,836
1030420805,ROBBINS 2-27,2014-09,1088
1030420805,ROBBINS 2-27,2014-10,995
1030420805,ROBBINS 2-27,2014-11,1010
1030420805,ROBBINS 2-27,2014-12,1032
1030420805,ROBBINS 2-27,2015-01,705
1030420805,ROBBINS 2-27,2015-02,405
1030420805,ROBBINS 2-27,2015-03,294
1030420805,ROBBINS 2-27,2015-04,763
1030420805,ROBBINS 2-27,2015-05,833
1030420805,ROBBINS 2-27,2015-06,807
1030420805,ROBBINS 2-27,2015-07,796
1030420805,ROBBINS 2-27,2015-08,782
1030420805,ROBBINS 2-27,2015-09,743
1030420805,ROBBINS 2-27,2015-10,804
1030420805,ROBBINS 2-27,2015-11,742
1030420805,ROBBINS 2-27,2015-12,807
1030420805,ROBBINS 2-27,2016-01,769
1030420805,ROBBINS 2-27,2016-02,709
1030420805,ROBBINS 2-27,2016-03,761
1030420805,ROBBINS 2-27,2016-04,745
1030420805,ROBBINS 2-27,2016-05,738
1030420805,ROBBINS 2-27,2016-06,676
1030420805,ROBBINS 2-27,2016-07,658
1030420805,ROBBINS 2-27,2016-08,740
1030420805,ROBBINS 2-27,2016-09,709
1030420805,ROBBINS 2-27,2016-10,724
1030420805,ROBBINS 2-27,2016-11,703
1030420805,ROBBINS 2-27,2016-12,727
1030420805,ROBBINS 2-27,2017-01,596
1030420805,ROBBINS 2-27,2017-02,571
1030420805,ROBBINS 2-27,2017-03,694
1030420805,ROBBINS 2-27,2017-04,636
1030420805,ROBBINS 2-27,2017-05,638
1030420805,ROBBINS 2-27,2017-06,587
1030420805,ROBBINS 2-27,2017-07,621
1030420805,ROBBINS 2-27,2017-08,660
1030420805,ROBBINS 2-27,2017-09,575
1030420805,ROBBINS 2-27,2017-10,583
1030420805,ROBBINS 2-27,2017-11,535
1030420805,ROBBINS 2-27,2017-12,529
1030420805,ROBBINS 2-27,2018-01,502
1030420805,ROBBINS 2-27,2018-02,444
1030420805,ROBBINS 2-27,2018-03,422
1030420805,ROBBINS 2-27,2018-04,1075
1030420805,ROBBINS 2-27,2018-05,816
1030420805,ROBBINS 2-27,2018-06,761
1030420805,ROBBINS 2-27,2018-07,762
1030420805,ROBBINS 2-27,2018-08,733
1030420805,ROBBINS 2-27,2018-09,671
1030420805,ROBBINS 2-27,2018-10,780
1030420805,ROBBINS 2-27,2018-11,701
1030420805,ROBBINS 2-27,2018-12,702
1030420805,ROBBINS 2-27,2019-01,685
1030420805,ROBBINS 2-27,2019-02,602
1030420805,ROBBINS 2-27,2019-03,649
1030420805,ROBBINS 2-27,2019-04,613
1030420805,ROBBINS 2-27,2019-05,587
1030420805,ROBBINS 2-27,2019-06,543
1030420805,ROBBINS 2-27,2019-07,507
1030420805,ROBBINS 2-27,2019-08,506
1030420805,ROBBINS 2-27,2019-09,461
1030420805,ROBBINS 2-27,2019-10,483
1030420805,ROBBINS 2-27,2019-11,500
1030420805,ROBBINS 2-27,2019-12,461
1030420805,ROBBINS 2-27,2020-01,467
1030420805,ROBBINS 2-27,2020-02,428
1030420805,ROBBINS 2-27,2020-03,427
1030420805,ROBBINS 2-27,2020-04,422
1030420805,ROBBINS 2-27,2020-05,534
1030420805,ROBBINS 2-27,2020-06,510
1030420805,ROBBINS 2-27,2020-07,524
1030420805,ROBBINS 2-27,2020-08,553
1030420805,ROBBINS 2-27,2020-09,581
1030420805,ROBBINS 2-27,2020-10,609
1030420805,ROBBINS 2-27,2020-11,542
1030420805,ROBBINS 2-27,2020-12,589
1030420805,ROBBINS 2-27,2021-01,536
1030420805,ROBBINS 2-27,2021-02,452
1030420805,ROBBINS 2-27,2021-03,590
1030420805,ROBBINS 2-27,2021-04,549
1030420805,ROBBINS 2-27,2021-05,524
1030420805,ROBBINS 2-27,2021-06,579
1030420805,ROBBINS 2-27,2021-07,582
1030420805,ROBBINS 2-27,2021-08,591
1030420805,ROBBINS 2-27,2021-09,576
1030420805,ROBBINS 2-27,2021-10,608
1030420805,ROBBINS 2-27,2021-11,539
1030420805,ROBBINS 2-27,2021-12,579
1030420805,ROBBINS 2-27,2022-01,522
1030420805,ROBBINS 2-27,2022-02,467
1030420805,ROBBINS 2-27,2022-03,502
1030420805,ROBBINS 2-27,2022-04,498
1030420805,ROBBINS 2-27,2022-05,494
1030420805,ROBBINS 2-27,2022-06,489
1030420805,ROBBINS 2-27,2022-07,551
1030420805,ROBBINS 2-27,2022-08,469
1030420805,ROBBINS 2-27,2022-09,563
1030420805,ROBBINS 2-27,2022-10,515
1030420805,ROBBINS 2-27,2022-11,515
1030420805,ROBBINS 2-27,2022-12,539
1030420805,ROBBINS 2-27,2023-01,523
1030420805,ROBBINS 2-27,2023-02,430
1030420805,ROBBINS 2-27,2023-03,541
1030420805,ROBBINS 2-27,2023-04,469
1030420805,ROBBINS 2-27,2023-05,474
1030420805,ROBBINS 2-27,2023-06,496
1030420805,ROBBINS 2-27,2023-07,581
1030420805,ROBBINS 2-27,2023-08,521
1030420805,ROBBINS 2-27,2023-09,503
1030420805,ROBBINS 2-27,2023-10,519
1030420805,ROBBINS 2-27,2023-11,501
1030420805,ROBBINS 2-27,2023-12,525
1030420805,ROBBINS 2-27,2024-01,468
1030420805,ROBBINS 2-27,2024-02,312
1030420805,ROBBINS 2-27,2024-03,374
1030420805,ROBBINS 2-27,2024-04,281
1030420805,ROBBINS 2-27,2024-05,300
1030420805,ROBBINS 2-27,2024-06,1035
1030420805,ROBBINS 2-27,2024-07,4175
1030420805,ROBBINS 2-27,2024-08,543
1030420805,ROBBINS 2-27,2024-09,378
1030420805,ROBBINS 2-27,2024-10,423
1030420805,ROBBINS 2-27,2024-11,412
1030420805,ROBBINS 2-27,2024-12,436
1030420805,ROBBINS 2-27,2025-01,415
1030420805,ROBBINS 2-27,2025-02,420
1030420805,ROBBINS 2-27,2025-03,438
1030420805,ROBBINS 2-27,2025-04,370
1030420805,ROBBINS 2-27,2025-05,421
1030420805,ROBBINS 2-27,2025-06,385
1030420805,ROBBINS 2-27,2025-07,415
1030420805,ROBBINS 2-27,2025-08,429
1030420805,ROBBINS 2-27,2025-09,398
1030420805,ROBBINS 2-27,2025-10,446
1030420805,ROBBINS 2-27,2025-11,428
1030420805,ROBBINS 2-27,2025-12,380
1030420805,ROBBINS 2-27,2026-01,432
1030420805,ROBBINS 2-27,2026-02,370
1030420805,ROBBINS 2-27,2026-03,387
1030420805,ROBBINS 2-27,2026-04,369
1030420805,ROBBINS 2-27,2026-05,396
1030420805,ROBBINS 2-27,2026-06,374
1031510232,BAIER #3,2004-05,3622
1031510232,BAIER #3,2004-06,9233
1031510232,BAIER #3,2004-07,7216
1031510232,BAIER #3,2004-08,6550
1031510232,BAIER #3,2004-09,5166
1031510232,BAIER #3,2004-10,6788
1031510232,BAIER #3,2004-11,10066
1031510232,BAIER #3,2004-12,8342
1031510232,BAIER #3,2005-01,7159
1031510232,BAIER #3,2005-02,5780
1031510232,BAIER #3,2005-03,5915
1031510232,BAIER #3,2005-04,4927
1031510232,BAIER #3,2005-05,4638
1031510232,BAIER #3,2005-06,4198
1031510232,BAIER #3,2005-07,4206
1031510232,BAIER #3,2005-08,3924
1031510232,BAIER #3,2005-09,3915
1031510232,BAIER #3,2005-10,3704
1031510232,BAIER #3,2005-11,3187
1031510232,BAIER #3,2005-12,3151
1031510232,BAIER #3,2006-01,3112
1031510232,BAIER #3,2006-02,2793
1031510232,BAIER #3,2006-03,2932
1031510232,BAIER #3,2006-04,2773
1031510232,BAIER #3,2006-05,2772
1031510232,BAIER #3,2006-06,2551
1031510232,BAIER #3,2006-07,2497
1031510232,BAIER #3,2006-08,2405
1031510232,BAIER #3,2006-09,2368
1031510232,BAIER #3,2006-10,2404
1031510232,BAIER #3,2006-11,2192
1031510232,BAIER #3,2006-12,2235
1031510232,BAIER #3,2007-01,2159
1031510232,BAIER #3,2007-02,1834
1031510232,BAIER #3,2007-03,1906
1031510232,BAIER #3,2007-04,1828
1031510232,BAIER #3,2007-05,1668
1031510232,BAIER #3,2007-06,1451
1031510232,BAIER #3,2007-07,1644
1031510232,BAIER #3,2007-08,1249
1031510232,BAIER #3,2007-09,1201
1031510232,BAIER #3,2007-10,1662
1031510232,BAIER #3,2007-11,1554
1031510232,BAIER #3,2007-12,1533
1031510232,BAIER #3,2008-01,1459
1031510232,BAIER #3,2008-02,1587
1031510232,BAIER #3,2008-03,1443
1031510232,BAIER #3,2008-04,1019
1031510232,BAIER #3,2008-05,1106
1031510232,BAIER #3,2008-06,1200
1031510232,BAIER #3,2008-07,1289
1031510232,BAIER #3,2008-08,1171
1031510232,BAIER #3,2008-09,1119
1031510232,BAIER #3,2008-10,1144
1031510232,BAIER #3,2008-11,1172
1031510232,BAIER #3,2008-12,1300
1031510232,BAIER #3,2009-01,1234
1031510232,BAIER #3,2009-02,884
1031510232,BAIER #3,2009-03,992
1031510232,BAIER #3,2009-04,1421
1031510232,BAIER #3,2009-05,1841
1031510232,BAIER #3,2009-06,1785
1031510232,BAIER #3,2009-07,992
1031510232,BAIER #3,2009-08,959
1031510232,BAIER #3,2009-09,914
1031510232,BAIER #3,2009-10,1054
1031510232,BAIER #3,2009-11,995
1031510232,BAIER #3,2009-12,1123
1031510232,BAIER #3,2010-01,1071
1031510232,BAIER #3,2010-02,953
1031510232,BAIER #3,2010-03,929
1031510232,BAIER #3,2010-04,823
1031510232,BAIER #3,2010-05,854
1031510232,BAIER #3,2010-06,841
1031510232,BAIER #3,2010-07,949
1031510232,BAIER #3,2010-08,1064
1031510232,BAIER #3,2010-09,1007
1031510232,BAIER #3,2010-10,1039
1031510232,BAIER #3,2010-11,785
1031510232,BAIER #3,2010-12,772
1031510232,BAIER #3,2011-01,944
1031510232,BAIER #3,2011-02,1151
1031510232,BAIER #3,2011-03,1228
1031510232,BAIER #3,2011-04,1139
1031510232,BAIER #3,2011-05,1049
1031510232,BAIER #3,2011-06,989
1031510232,BAIER #3,2011-07,892
1031510232,BAIER #3,2011-08,849
1031510232,BAIER #3,2011-09,890
1031510232,BAIER #3,2011-10,960
1031510232,BAIER #3,2011-11,949
1031510232,BAIER #3,2011-12,976
1031510232,BAIER #3,2012-01,859
1031510232,BAIER #3,2012-02,910
1031510232,BAIER #3,2012-03,847
1031510232,BAIER #3,2012-04,851
1031510232,BAIER #3,2012-05,923
1031510232,BAIER #3,2012-06,883
1031510232,BAIER #3,2012-07,790
1031510232,BAIER #3,2012-08,758
1031510232,BAIER #3,2012-09,890
1031510232,BAIER #3,2012-10,937
1031510232,BAIER #3,2012-11,831
1031510232,BAIER #3,2012-12,830
1031510232,BAIER #3,2013-01,818
1031510232,BAIER #3,2013-02,837
1031510232,BAIER #3,2013-03,829
1031510232,BAIER #3,2013-04,763
1031510232,BAIER #3,2013-05,862
1031510232,BAIER #3,2013-06,778
1031510232,BAIER #3,2013-07,845
1031510232,BAIER #3,2013-08,752
1031510232,BAIER #3,2013-09,838
1031510232,BAIER #3,2013-10,783
1031510232,BAIER #3,2013-11,799
1031510232,BAIER #3,2013-12,835
1031510232,BAIER #3,2014-01,799
1031510232,BAIER #3,2014-02,801
1031510232,BAIER #3,2014-03,741
1031510232,BAIER #3,2014-04,730
1031510232,BAIER #3,2014-05,672
1031510232,BAIER #3,2014-06,658
1031510232,BAIER #3,2014-07,733
1031510232,BAIER #3,2014-08,661
1031510232,BAIER #3,2014-09,732
1031510232,BAIER #3,2014-10,737
1031510232,BAIER #3,2014-11,698
1031510232,BAIER #3,2014-12,697
1031510232,BAIER #3,2015-01,719
1031510232,BAIER #3,2015-02,640
1031510232,BAIER #3,2015-03,665
1031510232,BAIER #3,2015-04,633
1031510232,BAIER #3,2015-05,636
1031510232,BAIER #3,2015-06,577
1031510232,BAIER #3,2015-07,641
1031510232,BAIER #3,2015-08,635
1031510232,BAIER #3,2015-09,611
1031510232,BAIER #3,2015-10,631
1031510232,BAIER #3,2015-11,640
1031510232,BAIER #3,2015-12,665
1031510232,BAIER #3,2016-01,603
1031510232,BAIER #3,2016-02,601
1031510232,BAIER #3,2016-03,590
1031510232,BAIER #3,2016-04,572
1031510232,BAIER #3,2016-05,146
1031510232,BAIER #3,2016-08,20
1031510232,BAIER #3,2016-09,89
1031510232,BAIER #3,2016-10,106
1031510232,BAIER #3,2016-11,187
1031510232,BAIER #3,2016-12,267
1031510232,BAIER #3,2017-01,233
1031510232,BAIER #3,2017-02,166
1031510232,BAIER #3,2017-03,208
1031510232,BAIER #3,2017-04,161
1031510232,BAIER #3,2017-05,202
1031510232,BAIER #3,2017-06,206
1031510232,BAIER #3,2017-07,210
1031510232,BAIER #3,2017-08,254
1031510232,BAIER #3,2017-09,338
1031510232,BAIER #3,2017-10,250
1031510232,BAIER #3,2017-11,436
1031510232,BAIER #3,2017-12,432
1031510232,BAIER #3,2018-01,424
1031510232,BAIER #3,2018-02,329
1031510232,BAIER #3,2018-03,273
1031510232,BAIER #3,2018-04,225
1031510232,BAIER #3,2018-05,288
1031510232,BAIER #3,2018-06,300
1031510232,BAIER #3,2018-07,352
1031510232,BAIER #3,2018-08,400
1031510232,BAIER #3,2018-09,386
1031510232,BAIER #3,2018-10,400
1031510232,BAIER #3,2018-11,366
1031510232,BAIER #3,2018-12,371
1031510232,BAIER #3,2019-01,373
1031510232,BAIER #3,2019-02,350
1031510232,BAIER #3,2019-03,346
1031510232,BAIER #3,2019-04,293
1031510232,BAIER #3,2019-05,249
1031510232,BAIER #3,2019-06,177
1031510232,BAIER #3,2019-07,136
1031510232,BAIER #3,2019-08,230
1031510232,BAIER #3,2019-09,208
1031510232,BAIER #3,2019-10,318
1031510232,BAIER #3,2019-11,306
1031510232,BAIER #3,2019-12,319
1031510232,BAIER #3,2020-01,330
1031510232,BAIER #3,2020-02,269
1031510232,BAIER #3,2020-03,271
1031510232,BAIER #3,2020-04,277
1031510232,BAIER #3,2020-05,314
1031510232,BAIER #3,2020-06,288
1031510232,BAIER #3,2020-07,281
1031510232,BAIER #3,2020-08,312
1031510232,BAIER #3,2020-09,213
1031510232,BAIER #3,2020-10,293
1031510232,BAIER #3,2020-11,220
1031510232,BAIER #3,2020-12,316
1031510232,BAIER #3,2021-01,315
1031510232,BAIER #3,2021-02,246
1031510232,BAIER #3,2021-03,274
1031510232,BAIER #3,2021-04,280
1031510232,BAIER #3,2021-05,301
1031510232,BAIER #3,2021-06,277
1031510232,BAIER #3,2021-07,319
1031510232,BAIER #3,2021-08,289
1031510232,BAIER #3,2021-09,254
1031510232,BAIER #3,2021-10,299
1031510232,BAIER #3,2021-11,295
1031510232,BAIER #3,2021-12,291
1031510232,BAIER #3,2022-01,292
1031510232,BAIER #3,2022-02,263
1031510232,BAIER #3,2022-03,233
1031510232,BAIER #3,2022-04,239
1031510232,BAIER #3,2022-05,263
1031510232,BAIER #3,2022-06,263
1031510232,BAIER #3,2022-07,250
1031510232,BAIER #3,2022-08,264
1031510232,BAIER #3,2022-09,276
1031510232,BAIER #3,2022-10,253
1031510232,BAIER #3,2022-11,242
1031510232,BAIER #3,2022-12,272
1031510232,BAIER #3,2023-01,253
1031510232,BAIER #3,2023-02,244
1031510232,BAIER #3,2023-03,238
1031510232,BAIER #3,2023-04,278
1031510232,BAIER #3,2023-05,272
1031510232,BAIER #3,2023-06,279
1031510232,BAIER #3,2023-07,251
1031510232,BAIER #3,2023-08,244
1031510232,BAIER #3,2023-09,251
1031510232,BAIER #3,2023-10,258
1031510232,BAIER #3,2023-11,293
1031510232,BAIER #3,2023-12,280
1031510232,BAIER #3,2024-01,288
1031510232,BAIER #3,2024-02,254
1031510232,BAIER #3,2024-03,246
1031510232,BAIER #3,2024-04,244
1031510232,BAIER #3,2024-05,272
1031510232,BAIER #3,2024-06,228
1031510232,BAIER #3,2024-07,208
1031510232,BAIER #3,2024-08,162
1031510232,BAIER #3,2024-09,110
1031510232,BAIER #3,2024-10,251
1031510232,BAIER #3,2024-11,254
1031510232,BAIER #3,2024-12,290
1031510232,BAIER #3,2025-01,264
1031510232,BAIER #3,2025-02,214
1031510232,BAIER #3,2025-03,196
1031510232,BAIER #3,2025-04,209
1031510232,BAIER #3,2025-05,229
1031510232,BAIER #3,2025-06,220
1031510232,BAIER #3,2025-07,236
1031510232,BAIER #3,2025-08,181
1031510232,BAIER #3,2025-09,218
1031510232,BAIER #3,2025-10,189
1031510232,BAIER #3,2025-11,250
1031510232,BAIER #3,2025-12,209
1031510232,BAIER #3,2026-01,208
1031510232,BAIER #3,2026-02,197
1031510232,BAIER #3,2026-03,206
1031510232,BAIER #3,2026-04,214
1031510232,BAIER #3,2026-05,216
1031510232,BAIER #3,2026-06,172
1031936848,CLIFT 'A' 3-33,2004-09,59
1031936848,CLIFT 'A' 3-33,2004-10,3937
1031936848,CLIFT 'A' 3-33,2004-11,3459
1031936848,CLIFT 'A' 3-33,2004-12,3330
1031936848,CLIFT 'A' 3-33,2005-01,3104
1031936848,CLIFT 'A' 3-33,2005-02,2718
1031936848,CLIFT 'A' 3-33,2005-03,2742
1031936848,CLIFT 'A' 3-33,2005-04,2551
1031936848,CLIFT 'A' 3-33,2005-05,2225
1031936848,CLIFT 'A' 3-33,2005-06,2207
1031936848,CLIFT 'A' 3-33,2005-07,2368
1031936848,CLIFT 'A' 3-33,2005-08,2290
1031936848,CLIFT 'A' 3-33,2005-09,2074
1031936848,CLIFT 'A' 3-33,2005-10,2199
1031936848,CLIFT 'A' 3-33,2005-11,1967
1031936848,CLIFT 'A' 3-33,2005-12,2094
1031936848,CLIFT 'A' 3-33,2006-01,1927
1031936848,CLIFT 'A' 3-33,2006-02,1831
1031936848,CLIFT 'A' 3-33,2006-03,1799
1031936848,CLIFT 'A' 3-33,2006-04,1883
1031936848,CLIFT 'A' 3-33,2006-05,1836
1031936848,CLIFT 'A' 3-33,2006-06,1725
1031936848,CLIFT 'A' 3-33,2006-07,1699
1031936848,CLIFT 'A' 3-33,2006-08,1701
1031936848,CLIFT 'A' 3-33,2006-09,1706
1031936848,CLIFT 'A' 3-33,2006-10,1555
1031936848,CLIFT 'A' 3-33,2006-11,1634
1031936848,CLIFT 'A' 3-33,2006-12,1581
1031936848,CLIFT 'A' 3-33,2007-01,1580
1031936848,CLIFT 'A' 3-33,2007-02,1434
1031936848,CLIFT 'A' 3-33,2007-03,1608
1031936848,CLIFT 'A' 3-33,2007-04,1509
1031936848,CLIFT 'A' 3-33,2007-05,1517
1031936848,CLIFT 'A' 3-33,2007-06,1425
1031936848,CLIFT 'A' 3-33,2007-07,1424
1031936848,CLIFT 'A' 3-33,2007-08,1407
1031936848,CLIFT 'A' 3-33,2007-09,1355
1031936848,CLIFT 'A' 3-33,2007-10,1409
1031936848,CLIFT 'A' 3-33,2007-11,1317
1031936848,CLIFT 'A' 3-33,2007-12,1274
1031936848,CLIFT 'A' 3-33,2008-01,1407
1031936848,CLIFT 'A' 3-33,2008-02,1284
1031936848,CLIFT 'A' 3-33,2008-03,1336
1031936848,CLIFT 'A' 3-33,2008-04,1277
1031936848,CLIFT 'A' 3-33,2008-05,1307
1031936848,CLIFT 'A' 3-33,2008-06,1157
1031936848,CLIFT 'A' 3-33,2008-07,1297
1031936848,CLIFT 'A' 3-33,2008-08,1014
1031936848,CLIFT 'A' 3-33,2008-09,1051
1031936848,CLIFT 'A' 3-33,2008-10,1107
1031936848,CLIFT 'A' 3-33,2008-11,1122
1031936848,CLIFT 'A' 3-33,2008-12,1177
1031936848,CLIFT 'A' 3-33,2009-01,1174
1031936848,CLIFT 'A' 3-33,2009-02,902
1031936848,CLIFT 'A' 3-33,2009-03,975
1031936848,CLIFT 'A' 3-33,2009-04,664
1031936848,CLIFT 'A' 3-33,2009-05,1208
1031936848,CLIFT 'A' 3-33,2009-06,950
1031936848,CLIFT 'A' 3-33,2009-07,1018
1031936848,CLIFT 'A' 3-33,2009-08,862
1031936848,CLIFT 'A' 3-33,2009-09,831
1031936848,CLIFT 'A' 3-33,2009-10,943
1031936848,CLIFT 'A' 3-33,2009-11,958
1031936848,CLIFT 'A' 3-33,2009-12,919
1031936848,CLIFT 'A' 3-33,2010-01,861
1031936848,CLIFT 'A' 3-33,2010-02,447
1031936848,CLIFT 'A' 3-33,2010-03,638
1031936848,CLIFT 'A' 3-33,2010-04,684
1031936848,CLIFT 'A' 3-33,2010-05,733
1031936848,CLIFT 'A' 3-33,2010-06,694
1031936848,CLIFT 'A' 3-33,2010-07,626
1031936848,CLIFT 'A' 3-33,2010-08,1120
1031936848,CLIFT 'A' 3-33,2010-09,1051
1031936848,CLIFT 'A' 3-33,2010-10,1077
1031936848,CLIFT 'A' 3-33,2010-11,998
1031936848,CLIFT 'A' 3-33,2010-12,946
1031936848,CLIFT 'A' 3-33,2011-01,952
1031936848,CLIFT 'A' 3-33,2011-02,772
1031936848,CLIFT 'A' 3-33,2011-03,876
1031936848,CLIFT 'A' 3-33,2011-04,869
1031936848,CLIFT 'A' 3-33,2011-05,853
1031936848,CLIFT 'A' 3-33,2011-06,847
1031936848,CLIFT 'A' 3-33,2011-07,868
1031936848,CLIFT 'A' 3-33,2011-08,918
1031936848,CLIFT 'A' 3-33,2011-09,704
1031936848,CLIFT 'A' 3-33,2011-10,963
1031936848,CLIFT 'A' 3-33,2011-11,938
1031936848,CLIFT 'A' 3-33,2011-12,980
1031936848,CLIFT 'A' 3-33,2012-01,956
1031936848,CLIFT 'A' 3-33,2012-02,877
1031936848,CLIFT 'A' 3-33,2012-03,549
1031936848,CLIFT 'A' 3-33,2012-04,345
1031936848,CLIFT 'A' 3-33,2012-05,363
1031936848,CLIFT 'A' 3-33,2012-06,402
1031936848,CLIFT 'A' 3-33,2012-07,374
1031936848,CLIFT 'A' 3-33,2012-08,376
1031936848,CLIFT 'A' 3-33,2012-09,804
1031936848,CLIFT 'A' 3-33,2012-10,1113
1031936848,CLIFT 'A' 3-33,2012-11,975
1031936848,CLIFT 'A' 3-33,2012-12,963
1031936848,CLIFT 'A' 3-33,2013-01,970
1031936848,CLIFT 'A' 3-33,2013-02,846
1031936848,CLIFT 'A' 3-33,2013-03,908
1031936848,CLIFT 'A' 3-33,2013-04,870
1031936848,CLIFT 'A' 3-33,2013-05,800
1031936848,CLIFT 'A' 3-33,2013-06,861
1031936848,CLIFT 'A' 3-33,2013-07,822
1031936848,CLIFT 'A' 3-33,2013-08,861
1031936848,CLIFT 'A' 3-33,2013-09,764
1031936848,CLIFT 'A' 3-33,2013-10,838
1031936848,CLIFT 'A' 3-33,2013-11,791
1031936848,CLIFT 'A' 3-33,2013-12,824
1031936848,CLIFT 'A' 3-33,2014-01,750
1031936848,CLIFT 'A' 3-33,2014-02,720
1031936848,CLIFT 'A' 3-33,2014-03,652
1031936848,CLIFT 'A' 3-33,2014-04,789
1031936848,CLIFT 'A' 3-33,2014-05,801
1031936848,CLIFT 'A' 3-33,2014-06,694
1031936848,CLIFT 'A' 3-33,2014-07,723
1031936848,CLIFT 'A' 3-33,2014-08,704
1031936848,CLIFT 'A' 3-33,2014-09,700
1031936848,CLIFT 'A' 3-33,2014-10,711
1031936848,CLIFT 'A' 3-33,2014-11,707
1031936848,CLIFT 'A' 3-33,2014-12,668
1031936848,CLIFT 'A' 3-33,2015-01,698
1031936848,CLIFT 'A' 3-33,2015-02,591
1031936848,CLIFT 'A' 3-33,2015-03,659
1031936848,CLIFT 'A' 3-33,2015-04,756
1031936848,CLIFT 'A' 3-33,2015-05,798
1031936848,CLIFT 'A' 3-33,2015-06,710
1031936848,CLIFT 'A' 3-33,2015-07,643
1031936848,CLIFT 'A' 3-33,2015-08,771
1031936848,CLIFT 'A' 3-33,2015-09,748
1031936848,CLIFT 'A' 3-33,2015-10,737
1031936848,CLIFT 'A' 3-33,2015-11,632
1031936848,CLIFT 'A' 3-33,2015-12,762
1031936848,CLIFT 'A' 3-33,2016-01,788
1031936848,CLIFT 'A' 3-33,2016-02,733
1031936848,CLIFT 'A' 3-33,2016-03,701
1031936848,CLIFT 'A' 3-33,2016-04,448
1031936848,CLIFT 'A' 3-33,2016-05,59
1031936848,CLIFT 'A' 3-33,2017-06,480
1031936848,CLIFT 'A' 3-33,2017-07,507
1031936848,CLIFT 'A' 3-33,2017-08,545
1031936848,CLIFT 'A' 3-33,2017-09,451
1031936848,CLIFT 'A' 3-33,2017-10,460
1031936848,CLIFT 'A' 3-33,2017-11,30
1031936848,CLIFT 'A' 3-33,2018-06,214
1031936848,CLIFT 'A' 3-33,2018-07,640
1031936848,CLIFT 'A' 3-33,2018-08,358
1031936848,CLIFT 'A' 3-33,2018-09,521
1031936848,CLIFT 'A' 3-33,2018-10,34
1031936848,CLIFT 'A' 3-33,2018-12,684
1031936848,CLIFT 'A' 3-33,2019-01,471
1031936848,CLIFT 'A' 3-33,2019-02,522
1031936848,CLIFT 'A' 3-33,2019-03,445
1031936848,CLIFT 'A' 3-33,2019-04,398
1031936848,CLIFT 'A' 3-33,2019-05,348
1031936848,CLIFT 'A' 3-33,2019-06,358
1031936848,CLIFT 'A' 3-33,2019-07,346
1031936848,CLIFT 'A' 3-33,2019-08,385
1031936848,CLIFT 'A' 3-33,2019-09,333
1031936848,CLIFT 'A' 3-33,2019-10,151
1040927054,Jones 24-13,2009-04,2881
1040927054,Jones 24-13,2009-05,2850
1040927054,Jones 24-13,2009-06,2088
1040927054,Jones 24-13,2009-07,1845
1040927054,Jones 24-13,2009-08,1562
1040927054,Jones 24-13,2009-09,1339
1040927054,Jones 24-13,2009-10,1252
1040927054,Jones 24-13,2009-11,1151
1040927054,Jones 24-13,2009-12,1020
1040927054,Jones 24-13,2010-01,956
1040927054,Jones 24-13,2010-02,908
1040927054,Jones 24-13,2010-03,828
1040927054,Jones 24-13,2010-04,693
1040927054,Jones 24-13,2010-05,666
1040927054,Jones 24-13,2010-06,774
1040927054,Jones 24-13,2010-07,754
1040927054,Jones 24-13,2010-08,707
1040927054,Jones 24-13,2010-09,674
1040927054,Jones 24-13,2010-10,684
1040927054,Jones 24-13,2010-11,634
1040927054,Jones 24-13,2010-12,600
1040927054,Jones 24-13,2011-01,620
1040927054,Jones 24-13,2011-02,492
1040927054,Jones 24-13,2011-03,567
1040927054,Jones 24-13,2011-04,524
1040927054,Jones 24-13,2011-05,504
1040927054,Jones 24-13,2011-06,426
1040927054,Jones 24-13,2011-07,362
1040927054,Jones 24-13,2011-08,569
1040927054,Jones 24-13,2011-09,490
1040927054,Jones 24-13,2011-10,564
1040927054,Jones 24-13,2011-11,502
1040927054,Jones 24-13,2011-12,491
1040927054,Jones 24-13,2012-01,474
1040927054,Jones 24-13,2012-02,411
1040927054,Jones 24-13,2012-03,470
1040927054,Jones 24-13,2012-04,432
1040927054,Jones 24-13,2012-05,425
1040927054,Jones 24-13,2012-06,425
1040927054,Jones 24-13,2012-07,411
1040927054,Jones 24-13,2012-08,383
1040927054,Jones 24-13,2012-09,367
1040927054,Jones 24-13,2012-10,389
1040927054,Jones 24-13,2012-11,363
1040927054,Jones 24-13,2012-12,380
1040927054,Jones 24-13,2013-01,338
1040927054,Jones 24-13,2013-02,299
1040927054,Jones 24-13,2013-03,331
1040927054,Jones 24-13,2013-04,313
1040927054,Jones 24-13,2013-05,299
1040927054,Jones 24-13,2013-06,299
1040927054,Jones 24-13,2013-07,312
1040927054,Jones 24-13,2013-08,301
1040927054,Jones 24-13,2013-09,284
1040927054,Jones 24-13,2013-10,299
1040927054,Jones 24-13,2013-11,320
1040927054,Jones 24-13,2013-12,299
1040927054,Jones 24-13,2014-01,233
1040927054,Jones 24-13,2014-02,200
1040927054,Jones 24-13,2014-03,222
1040927054,Jones 24-13,2014-04,214
1040927054,Jones 24-13,2014-05,223
1040927054,Jones 24-13,2014-06,212
1040927054,Jones 24-13,2014-07,132
1040927054,Jones 24-13,2014-08,167
1040927054,Jones 24-13,2014-09,202
1040927054,Jones 24-13,2014-10,204
1040927054,Jones 24-13,2014-11,168
1040927054,Jones 24-13,2014-12,154
1040927054,Jones 24-13,2015-01,143
1040927054,Jones 24-13,2015-02,113
1040927054,Jones 24-13,2015-03,223
1040927054,Jones 24-13,2015-04,234
1040927054,Jones 24-13,2015-05,232
1040927054,Jones 24-13,2015-06,41
1040927054,Jones 24-13,2015-07,185
1040927054,Jones 24-13,2015-08,168
1040927054,Jones 24-13,2015-09,234
1040927054,Jones 24-13,2015-10,224
1040927054,Jones 24-13,2015-11,229
1040927054,Jones 24-13,2015-12,215
1040927054,Jones 24-13,2016-01,228
1040927054,Jones 24-13,2016-02,139
1040927054,Jones 24-13,2016-03,180
1040927054,Jones 24-13,2016-04,203
1040927054,Jones 24-13,2016-05,175
1040927054,Jones 24-13,2016-06,175
1040927054,Jones 24-13,2016-07,181
1040927054,Jones 24-13,2016-08,176
1040927054,Jones 24-13,2016-09,176
1040927054,Jones 24-13,2016-10,157
1040927054,Jones 24-13,2016-11,169
1040927054,Jones 24-13,2016-12,169
1040927054,Jones 24-13,2017-01,144
1040927054,Jones 24-13,2017-02,170
1040927054,Jones 24-13,2017-03,170
1040927054,Jones 24-13,2017-04,143
1040927054,Jones 24-13,2017-05,140
1040927054,Jones 24-13,2017-06,186
1040927054,Jones 24-13,2017-07,186
1040927054,Jones 24-13,2017-08,186
1040927054,Jones 24-13,2017-09,180
1040927054,Jones 24-13,2017-10,160
1040927054,Jones 24-13,2017-11,144
1040927054,Jones 24-13,2017-12,130
1040927054,Jones 24-13,2018-01,102
1040927054,Jones 24-13,2018-02,110
1040927054,Jones 24-13,2018-03,92
1040927054,Jones 24-13,2018-04,109
1040927054,Jones 24-13,2018-05,78
1040927054,Jones 24-13,2018-06,109
1040927054,Jones 24-13,2018-07,102
1040927054,Jones 24-13,2018-08,102
1040927054,Jones 24-13,2018-09,103
1040927054,Jones 24-13,2018-10,98
1040927054,Jones 24-13,2018-11,97
1040927054,Jones 24-13,2018-12,115
1040927054,Jones 24-13,2019-01,104
1040927054,Jones 24-13,2019-02,112
1040927054,Jones 24-13,2019-03,97
1040927054,Jones 24-13,2019-04,112
1040927054,Jones 24-13,2019-05,112
1040927054,Jones 24-13,2019-06,114
1040927054,Jones 24-13,2019-07,114
1040927054,Jones 24-13,2019-08,115
1040927054,Jones 24-13,2019-09,115
1040927054,Jones 24-13,2019-10,116
1040927054,Jones 24-13,2019-11,108
1040927054,Jones 24-13,2019-12,101
1040927054,Jones 24-13,2020-01,93
1040927054,Jones 24-13,2020-02,93
1040927054,Jones 24-13,2020-03,104
1040927054,Jones 24-13,2020-04,106
1040927054,Jones 24-13,2020-05,111
1040927054,Jones 24-13,2020-06,114
1040927054,Jones 24-13,2020-07,3
1040927054,Jones 24-13,2020-08,114
1040927054,Jones 24-13,2020-09,147
1040927054,Jones 24-13,2020-11,92
1040927054,Jones 24-13,2021-01,59
1040927054,Jones 24-13,2021-03,98
1040927054,Jones 24-13,2021-07,196
1040927054,Jones 24-13,2021-08,147
1040927054,Jones 24-13,2021-09,123
1040927054,Jones 24-13,2021-10,23
1040927054,Jones 24-13,2021-11,92
1040927054,Jones 24-13,2021-12,92
1040927054,Jones 24-13,2022-02,77
1040927054,Jones 24-13,2022-03,139
1040927054,Jones 24-13,2022-04,101
1040927054,Jones 24-13,2022-05,86
1040927054,Jones 24-13,2022-06,80
1040927054,Jones 24-13,2022-07,85
1040927054,Jones 24-13,2022-08,79
1040927054,Jones 24-13,2022-09,91
1040927054,Jones 24-13,2022-10,77
1040927054,Jones 24-13,2022-11,70
1040927054,Jones 24-13,2022-12,69
1040927054,Jones 24-13,2023-01,58
1040927054,Jones 24-13,2023-02,61
1040927054,Jones 24-13,2023-03,61
1040927054,Jones 24-13,2023-04,60
1040927054,Jones 24-13,2023-05,63
1040927054,Jones 24-13,2023-06,61
1040927054,Jones 24-13,2023-07,62
1040927054,Jones 24-13,2023-08,41
1040927054,Jones 24-13,2023-09,51
1040927054,Jones 24-13,2023-10,60
1040927054,Jones 24-13,2023-11,55
1040927054,Jones 24-13,2023-12,55
1040927054,Jones 24-13,2024-01,56
1040927054,Jones 24-13,2024-02,50
1040927054,Jones 24-13,2024-03,53
1040927054,Jones 24-13,2024-04,45
1040927054,Jones 24-13,2024-05,46
1040927054,Jones 24-13,2024-06,44
1040927054,Jones 24-13,2024-07,45
1040927054,Jones 24-13,2024-08,39
1040927054,Jones 24-13,2024-09,41
1040927054,Jones 24-13,2024-10,49
1040927054,Jones 24-13,2024-11,47
1040927054,Jones 24-13,2024-12,49
1040927054,Jones 24-13,2025-01,49
1040927054,Jones 24-13,2025-02,46
1040927054,Jones 24-13,2025-03,50
1040927054,Jones 24-13,2025-04,48
1040927054,Jones 24-13,2025-05,51
1040927054,Jones 24-13,2025-06,50
1040927054,Jones 24-13,2025-07,52
1040927054,Jones 24-13,2025-08,37
1040927054,Jones 24-13,2025-09,47
1040927054,Jones 24-13,2025-10,49
1040927054,Jones 24-13,2025-11,47
1040927054,Jones 24-13,2025-12,44
1040927054,Jones 24-13,2026-01,43
1040927054,Jones 24-13,2026-02,42
1040927054,Jones 24-13,2026-03,47
1040927054,Jones 24-13,2026-04,44
1040927054,Jones 24-13,2026-05,50
1040927054,Jones 24-13,2026-06,47
1042372714,Logan 'X' 9,2010-01,3423
1042372714,Logan 'X' 9,2010-02,6974
1042372714,Logan 'X' 9,2010-03,8174
1042372714,Logan 'X' 9,2010-04,5508
1042372714,Logan 'X' 9,2010-05,6932
1042372714,Logan 'X' 9,2010-06,2813
1042372714,Logan 'X' 9,2010-07,5972
1042372714,Logan 'X' 9,2010-08,6521
1042372714,Logan 'X' 9,2010-09,5259
1042372714,Logan 'X' 9,2010-10,5948
1042372714,Logan 'X' 9,2010-11,4832
1042372714,Logan 'X' 9,2010-12,1949
1042372714,Logan 'X' 9,2011-01,6573
1042372714,Logan 'X' 9,2011-02,5084
1042372714,Logan 'X' 9,2011-03,5140
1042372714,Logan 'X' 9,2011-04,4723
1042372714,Logan 'X' 9,2011-05,4373
1042372714,Logan 'X' 9,2011-06,4172
1042372714,Logan 'X' 9,2011-07,3984
1042372714,Logan 'X' 9,2011-08,4060
1042372714,Logan 'X' 9,2011-09,3784
1042372714,Logan 'X' 9,2011-10,3940
1042372714,Logan 'X' 9,2011-11,3523
1042372714,Logan 'X' 9,2011-12,3630
1042372714,Logan 'X' 9,2012-01,3510
1042372714,Logan 'X' 9,2012-02,3191
1042372714,Logan 'X' 9,2012-03,3161
1042372714,Logan 'X' 9,2012-04,3207
1042372714,Logan 'X' 9,2012-05,3241
1042372714,Logan 'X' 9,2012-06,2964
1042372714,Logan 'X' 9,2012-07,2594
1042372714,Logan 'X' 9,2012-08,2483
1042372714,Logan 'X' 9,2012-09,2504
1042372714,Logan 'X' 9,2012-10,2568
1042372714,Logan 'X' 9,2012-11,2450
1042372714,Logan 'X' 9,2012-12,1085
1042372714,Logan 'X' 9,2013-01,2075
1042372714,Logan 'X' 9,2013-02,2619
1042372714,Logan 'X' 9,2013-03,2540
1042372714,Logan 'X' 9,2013-04,2459
1042372714,Logan 'X' 9,2013-05,2464
1042372714,Logan 'X' 9,2013-06,2291
1042372714,Logan 'X' 9,2013-07,2317
1042372714,Logan 'X' 9,2013-08,2226
1042372714,Logan 'X' 9,2013-09,2169
1042372714,Logan 'X' 9,2013-10,2139
1042372714,Logan 'X' 9,2013-11,1986
1042372714,Logan 'X' 9,2013-12,1967
1042372714,Logan 'X' 9,2014-01,2019
1042372714,Logan 'X' 9,2014-02,1716
1042372714,Logan 'X' 9,2014-03,1901
1042372714,Logan 'X' 9,2014-04,1803
1042372714,Logan 'X' 9,2014-05,1795
1042372714,Logan 'X' 9,2014-06,1334
1042372714,Logan 'X' 9,2014-07,1721
1042372714,Logan 'X' 9,2014-08,1681
1042372714,Logan 'X' 9,2014-09,1570
1042372714,Logan 'X' 9,2014-10,1595
1042372714,Logan 'X' 9,2014-11,1427
1042372714,Logan 'X' 9,2014-12,1364
1042372714,Logan 'X' 9,2015-01,1456
1042372714,Logan 'X' 9,2015-02,1131
1042372714,Logan 'X' 9,2015-03,1425
1042372714,Logan 'X' 9,2015-04,1367
1042372714,Logan 'X' 9,2015-05,1383
1042372714,Logan 'X' 9,2015-06,966
1042372714,Logan 'X' 9,2015-07,993
1042372714,Logan 'X' 9,2015-08,1041
1042372714,Logan 'X' 9,2015-09,968
1042372714,Logan 'X' 9,2015-10,1101
1042372714,Logan 'X' 9,2015-11,616
1042372714,Logan 'X' 9,2015-12,675
1042372714,Logan 'X' 9,2016-01,711
1042372714,Logan 'X' 9,2016-02,758
1042372714,Logan 'X' 9,2016-03,719
1042372714,Logan 'X' 9,2016-04,641
1042372714,Logan 'X' 9,2016-05,695
1042372714,Logan 'X' 9,2016-06,692
1042372714,Logan 'X' 9,2016-07,683
1042372714,Logan 'X' 9,2016-08,644
1042372714,Logan 'X' 9,2016-09,593
1042372714,Logan 'X' 9,2016-10,578
1042372714,Logan 'X' 9,2016-11,649
1042372714,Logan 'X' 9,2016-12,563
1042372714,Logan 'X' 9,2017-01,857
1042372714,Logan 'X' 9,2017-02,723
1042372714,Logan 'X' 9,2017-03,603
1042372714,Logan 'X' 9,2017-04,771
1042372714,Logan 'X' 9,2017-05,845
1042372714,Logan 'X' 9,2017-06,715
1042372714,Logan 'X' 9,2017-07,745
1042372714,Logan 'X' 9,2017-08,727
1042372714,Logan 'X' 9,2017-09,638
1042372714,Logan 'X' 9,2017-10,672
1042372714,Logan 'X' 9,2017-11,585
1042372714,Logan 'X' 9,2017-12,527
1042372714,Logan 'X' 9,2018-01,858
1042372714,Logan 'X' 9,2018-02,776
1042372714,Logan 'X' 9,2018-03,803
1042372714,Logan 'X' 9,2018-04,821
1042372714,Logan 'X' 9,2018-05,775
1042372714,Logan 'X' 9,2018-06,746
1042372714,Logan 'X' 9,2018-07,756
1042372714,Logan 'X' 9,2018-08,637
1042372714,Logan 'X' 9,2018-09,727
1042372714,Logan 'X' 9,2018-10,889
1042372714,Logan 'X' 9,2018-11,945
1042372714,Logan 'X' 9,2018-12,937
1042372714,Logan 'X' 9,2019-01,851
1042372714,Logan 'X' 9,2019-02,844
1042372714,Logan 'X' 9,2019-03,959
1042372714,Logan 'X' 9,2019-04,918
1042372714,Logan 'X' 9,2019-05,936
1042372714,Logan 'X' 9,2019-06,892
1042372714,Logan 'X' 9,2019-07,689
1042372714,Logan 'X' 9,2019-08,708
1042372714,Logan 'X' 9,2019-09,701
1042372714,Logan 'X' 9,2019-10,803
1042372714,Logan 'X' 9,2019-11,826
1042372714,Logan 'X' 9,2019-12,700
1042372714,Logan 'X' 9,2020-01,979
1042372714,Logan 'X' 9,2020-02,704
1042372714,Logan 'X' 9,2020-03,638
1042372714,Logan 'X' 9,2020-04,724
1042372714,Logan 'X' 9,2020-05,902
1042372714,Logan 'X' 9,2020-06,998
1042372714,Logan 'X' 9,2020-07,945
1042372714,Logan 'X' 9,2020-08,974
1042372714,Logan 'X' 9,2020-09,1079
1042372714,Logan 'X' 9,2020-10,1077
1042372714,Logan 'X' 9,2020-11,1009
1042372714,Logan 'X' 9,2020-12,477
1042372714,Logan 'X' 9,2021-01,667
1042372714,Logan 'X' 9,2021-02,890
1042372714,Logan 'X' 9,2021-03,1218
1042372714,Logan 'X' 9,2021-04,965
1042372714,Logan 'X' 9,2021-05,251
1042372714,Logan 'X' 9,2021-06,1321
1042372714,Logan 'X' 9,2021-07,996
1042372714,Logan 'X' 9,2021-08,975
1042372714,Logan 'X' 9,2021-09,930
1042372714,Logan 'X' 9,2021-10,913
1042372714,Logan 'X' 9,2021-11,882
1042372714,Logan 'X' 9,2021-12,860
1042372714,Logan 'X' 9,2022-01,836
1042372714,Logan 'X' 9,2022-02,748
1042372714,Logan 'X' 9,2022-03,869
1042372714,Logan 'X' 9,2022-04,773
1042372714,Logan 'X' 9,2022-05,638
1042372714,Logan 'X' 9,2022-06,809
1042372714,Logan 'X' 9,2022-07,769
1042372714,Logan 'X' 9,2022-08,775
1042372714,Logan 'X' 9,2022-09,742
1042372714,Logan 'X' 9,2022-10,813
1042372714,Logan 'X' 9,2022-11,788
1042372714,Logan 'X' 9,2022-12,786
1042372714,Logan 'X' 9,2023-01,784
1042372714,Logan 'X' 9,2023-02,716
1042372714,Logan 'X' 9,2023-03,790
1042372714,Logan 'X' 9,2023-04,792
1042372714,Logan 'X' 9,2023-05,799
1042372714,Logan 'X' 9,2023-06,788
1042372714,Logan 'X' 9,2023-07,841
1042372714,Logan 'X' 9,2023-08,855
1042372714,Logan 'X' 9,2023-09,816
1042372714,Logan 'X' 9,2023-10,881
1042372714,Logan 'X' 9,2023-11,833
1042372714,Logan 'X' 9,2023-12,715
1042372714,Logan 'X' 9,2024-01,961
1042372714,Logan 'X' 9,2024-02,859
1042372714,Logan 'X' 9,2024-03,847
1042372714,Logan 'X' 9,2024-04,819
1042372714,Logan 'X' 9,2024-05,822
1042372714,Logan 'X' 9,2024-06,750
1042372714,Logan 'X' 9,2024-07,753
1042372714,Logan 'X' 9,2024-08,784
1042372714,Logan 'X' 9,2024-09,739
1042372714,Logan 'X' 9,2024-10,757
1042372714,Logan 'X' 9,2024-11,711
1042372714,Logan 'X' 9,2024-12,803
1042372714,Logan 'X' 9,2025-01,677
1042372714,Logan 'X' 9,2025-02,740
1042372714,Logan 'X' 9,2025-03,795
1042372714,Logan 'X' 9,2025-04,561
1042372714,Logan 'X' 9,2025-05,695
1042372714,Logan 'X' 9,2025-06,452
1042372714,Logan 'X' 9,2025-07,48
1042372714,Logan 'X' 9,2025-08,17
1042372714,Logan 'X' 9,2025-09,9
